{
  "frame_id": 46,
  "stage": "1_raw_pointcloud",
  "frame_id": 46.000000,
  "max_x": 79.506035,
  "max_y": 60.129047,
  "max_z": 2.922892,
  "min_x": -79.917046,
  "min_y": -19.181091,
  "min_z": -13.335871,
  "points_count": 113139.000000
}
