{
  "frame_id": 49,
  "stage": "1_raw_pointcloud",
  "frame_id": 49.000000,
  "max_x": 78.886993,
  "max_y": 78.927559,
  "max_z": 2.870396,
  "min_x": -79.761436,
  "min_y": -13.895309,
  "min_z": -13.031436,
  "points_count": 117156.000000
}
