{
  "frame_id": 22,
  "stage": "3c_btc_descriptors",
  "btc_count": 736.000000,
  "frame_id": 22.000000,
  "max_side_length": 240.435677,
  "mean_side_length": 75.685488,
  "min_side_length": 10.224556
}
