{
  "frame_id": 11,
  "stage": "1_raw_pointcloud",
  "frame_id": 11.000000,
  "max_x": 73.637299,
  "max_y": 54.144310,
  "max_z": 2.865842,
  "min_x": -79.933784,
  "min_y": -34.730846,
  "min_z": -2.828667,
  "points_count": 120945.000000
}
