{
  "frame_id": 47,
  "stage": "3c_btc_descriptors",
  "btc_count": 780.000000,
  "frame_id": 47.000000,
  "max_side_length": 159.524214,
  "mean_side_length": 60.187183,
  "min_side_length": 10.048770
}
