{
  "frame_id": 0,
  "stage": "3c_btc_descriptors",
  "btc_count": 747.000000,
  "frame_id": 0.000000,
  "max_side_length": 246.252876,
  "mean_side_length": 78.360032,
  "min_side_length": 12.119946
}
