{
  "frame_id": 5,
  "stage": "3c_btc_descriptors",
  "btc_count": 610.000000,
  "frame_id": 5.000000,
  "max_side_length": 195.572191,
  "mean_side_length": 79.220056,
  "min_side_length": 10.296013
}
