{
  "frame_id": 28,
  "stage": "3c_btc_descriptors",
  "btc_count": 715.000000,
  "frame_id": 28.000000,
  "max_side_length": 202.385152,
  "mean_side_length": 65.956169,
  "min_side_length": 11.307417
}
