{
  "frame_id": 39,
  "stage": "3c_btc_descriptors",
  "btc_count": 795.000000,
  "frame_id": 39.000000,
  "max_side_length": 161.080307,
  "mean_side_length": 60.654961,
  "min_side_length": 10.472427
}
