{
  "frame_id": 35,
  "stage": "1_raw_pointcloud",
  "frame_id": 35.000000,
  "max_x": 78.947426,
  "max_y": 47.525734,
  "max_z": 2.965297,
  "min_x": -80.201187,
  "min_y": -16.043987,
  "min_z": -10.646740,
  "points_count": 123006.000000
}
