{
  "frame_id": 23,
  "stage": "1_raw_pointcloud",
  "frame_id": 23.000000,
  "max_x": 79.632866,
  "max_y": 46.503849,
  "max_z": 2.834520,
  "min_x": -80.379623,
  "min_y": -72.638191,
  "min_z": -8.072599,
  "points_count": 124526.000000
}
