{
  "frame_id": 8,
  "stage": "1_raw_pointcloud",
  "frame_id": 8.000000,
  "max_x": 77.256546,
  "max_y": 43.734810,
  "max_z": 2.890557,
  "min_x": -80.128273,
  "min_y": -40.097149,
  "min_z": -2.676729,
  "points_count": 122123.000000
}
