{
  "frame_id": 4,
  "stage": "1_raw_pointcloud",
  "frame_id": 4.000000,
  "max_x": 78.434296,
  "max_y": 44.286514,
  "max_z": 2.868529,
  "min_x": -79.999710,
  "min_y": -43.270905,
  "min_z": -10.485384,
  "points_count": 123969.000000
}
