{
  "frame_id": 30,
  "stage": "3c_btc_descriptors",
  "btc_count": 747.000000,
  "frame_id": 30.000000,
  "max_side_length": 215.289457,
  "mean_side_length": 72.421088,
  "min_side_length": 11.470483
}
