{
  "frame_id": 34,
  "stage": "3c_btc_descriptors",
  "btc_count": 641.000000,
  "frame_id": 34.000000,
  "max_side_length": 215.608074,
  "mean_side_length": 67.600404,
  "min_side_length": 10.843662
}
