{
  "frame_id": 13,
  "stage": "1_raw_pointcloud",
  "frame_id": 13.000000,
  "max_x": 72.048080,
  "max_y": 47.817799,
  "max_z": 2.843811,
  "min_x": -77.185722,
  "min_y": -50.781441,
  "min_z": -2.868423,
  "points_count": 120295.000000
}
