{
  "frame_id": 26,
  "stage": "3c_btc_descriptors",
  "btc_count": 673.000000,
  "frame_id": 26.000000,
  "max_side_length": 187.831461,
  "mean_side_length": 65.546909,
  "min_side_length": 10.278017
}
