{
  "frame_id": 7,
  "stage": "1_raw_pointcloud",
  "frame_id": 7.000000,
  "max_x": 77.992371,
  "max_y": 43.552216,
  "max_z": 2.879506,
  "min_x": -80.328270,
  "min_y": -40.745197,
  "min_z": -6.364314,
  "points_count": 122765.000000
}
