{
  "frame_id": 23,
  "stage": "3c_btc_descriptors",
  "btc_count": 850.000000,
  "frame_id": 23.000000,
  "max_side_length": 242.498208,
  "mean_side_length": 72.957104,
  "min_side_length": 11.515654
}
