{
  "frame_id": 38,
  "stage": "1_raw_pointcloud",
  "frame_id": 38.000000,
  "max_x": 79.550880,
  "max_y": 63.291912,
  "max_z": 2.980030,
  "min_x": -80.309967,
  "min_y": -16.796196,
  "min_z": -9.848923,
  "points_count": 121738.000000
}
