{
  "frame_id": 6,
  "stage": "1_raw_pointcloud",
  "frame_id": 6.000000,
  "max_x": 77.354660,
  "max_y": 43.789040,
  "max_z": 2.892041,
  "min_x": -78.538864,
  "min_y": -41.059719,
  "min_z": -2.828112,
  "points_count": 123373.000000
}
