{
  "frame_id": 2,
  "stage": "1_raw_pointcloud",
  "frame_id": 2.000000,
  "max_x": 78.974342,
  "max_y": 44.132900,
  "max_z": 2.839836,
  "min_x": -79.461075,
  "min_y": -53.133137,
  "min_z": -11.030483,
  "points_count": 124478.000000
}
