{
  "frame_id": 3,
  "stage": "1_raw_pointcloud",
  "frame_id": 3.000000,
  "max_x": 79.231247,
  "max_y": 46.468063,
  "max_z": 2.851864,
  "min_x": -79.270988,
  "min_y": -43.661335,
  "min_z": -10.755433,
  "points_count": 124167.000000
}
