{
  "frame_id": 25,
  "stage": "1_raw_pointcloud",
  "frame_id": 25.000000,
  "max_x": 79.620430,
  "max_y": 49.667164,
  "max_z": 2.913564,
  "min_x": -78.782227,
  "min_y": -64.740204,
  "min_z": -6.323008,
  "points_count": 124600.000000
}
