{
  "frame_id": 48,
  "stage": "1_raw_pointcloud",
  "frame_id": 48.000000,
  "max_x": 79.428123,
  "max_y": 66.984085,
  "max_z": 2.896222,
  "min_x": -78.655815,
  "min_y": -11.130869,
  "min_z": -12.644868,
  "points_count": 115974.000000
}
