{
  "frame_id": 13,
  "stage": "3c_btc_descriptors",
  "btc_count": 760.000000,
  "frame_id": 13.000000,
  "max_side_length": 198.768099,
  "mean_side_length": 70.676413,
  "min_side_length": 10.796007
}
