{
  "frame_id": 28,
  "stage": "1_raw_pointcloud",
  "frame_id": 28.000000,
  "max_x": 79.353134,
  "max_y": 49.825069,
  "max_z": 2.994478,
  "min_x": -79.180435,
  "min_y": -53.573479,
  "min_z": -13.196102,
  "points_count": 124163.000000
}
