{
  "frame_id": 31,
  "stage": "1_raw_pointcloud",
  "frame_id": 31.000000,
  "max_x": 78.949890,
  "max_y": 43.705784,
  "max_z": 2.995843,
  "min_x": -79.156876,
  "min_y": -21.287899,
  "min_z": -12.113233,
  "points_count": 124140.000000
}
