{
  "frame_id": 10,
  "stage": "1_raw_pointcloud",
  "frame_id": 10.000000,
  "max_x": 74.389313,
  "max_y": 44.233379,
  "max_z": 2.773781,
  "min_x": -80.194702,
  "min_y": -34.114803,
  "min_z": -3.652082,
  "points_count": 121018.000000
}
