{
  "frame_id": 41,
  "stage": "1_raw_pointcloud",
  "frame_id": 41.000000,
  "max_x": 79.094582,
  "max_y": 39.813934,
  "max_z": 3.052272,
  "min_x": -80.478149,
  "min_y": -18.660553,
  "min_z": -11.049456,
  "points_count": 120359.000000
}
