{
  "frame_id": 27,
  "stage": "3c_btc_descriptors",
  "btc_count": 656.000000,
  "frame_id": 27.000000,
  "max_side_length": 209.112633,
  "mean_side_length": 76.347379,
  "min_side_length": 10.224977
}
