{
  "frame_id": 12,
  "stage": "3c_btc_descriptors",
  "btc_count": 722.000000,
  "frame_id": 12.000000,
  "max_side_length": 198.785413,
  "mean_side_length": 72.340256,
  "min_side_length": 12.037534
}
