{
  "frame_id": 20,
  "stage": "1_raw_pointcloud",
  "frame_id": 20.000000,
  "max_x": 79.885117,
  "max_y": 46.794949,
  "max_z": 2.938563,
  "min_x": -80.141708,
  "min_y": -66.546150,
  "min_z": -9.130567,
  "points_count": 124553.000000
}
