{
  "frame_id": 44,
  "stage": "1_raw_pointcloud",
  "frame_id": 44.000000,
  "max_x": 79.042442,
  "max_y": 41.821934,
  "max_z": 3.076657,
  "min_x": -80.164215,
  "min_y": -12.860120,
  "min_z": -7.383113,
  "points_count": 116881.000000
}
