{
  "frame_id": 4,
  "stage": "3c_btc_descriptors",
  "btc_count": 826.000000,
  "frame_id": 4.000000,
  "max_side_length": 225.107674,
  "mean_side_length": 76.342422,
  "min_side_length": 12.025690
}
