{
  "frame_id": 49,
  "stage": "3c_btc_descriptors",
  "btc_count": 804.000000,
  "frame_id": 49.000000,
  "max_side_length": 143.205752,
  "mean_side_length": 59.384833,
  "min_side_length": 11.094212
}
