{
  "frame_id": 44,
  "stage": "3c_btc_descriptors",
  "btc_count": 574.000000,
  "frame_id": 44.000000,
  "max_side_length": 175.594799,
  "mean_side_length": 66.849315,
  "min_side_length": 11.180216
}
