{
  "frame_id": 36,
  "stage": "4_loop_detection",
  "database_size": 22780.000000,
  "frame_id": 36.000000,
  "loop_detected": 0.000000,
  "loop_id": -1.000000,
  "loop_score": 0.000000,
  "matches_count": 0.000000,
  "skip_reason": 1.000000
}
