{
  "frame_id": 46,
  "stage": "3c_btc_descriptors",
  "btc_count": 698.000000,
  "frame_id": 46.000000,
  "max_side_length": 162.169239,
  "mean_side_length": 65.495209,
  "min_side_length": 11.077491
}
