{
  "frame_id": 45,
  "stage": "3c_btc_descriptors",
  "btc_count": 811.000000,
  "frame_id": 45.000000,
  "max_side_length": 144.506627,
  "mean_side_length": 56.685872,
  "min_side_length": 12.662083
}
