{
  "frame_id": 35,
  "stage": "3c_btc_descriptors",
  "btc_count": 609.000000,
  "frame_id": 35.000000,
  "max_side_length": 188.360532,
  "mean_side_length": 67.545788,
  "min_side_length": 11.260826
}
