{
  "frame_id": 18,
  "stage": "1_raw_pointcloud",
  "frame_id": 18.000000,
  "max_x": 79.767441,
  "max_y": 44.170151,
  "max_z": 2.776012,
  "min_x": -80.313576,
  "min_y": -63.844036,
  "min_z": -4.574046,
  "points_count": 123940.000000
}
