{
  "frame_id": 19,
  "stage": "3c_btc_descriptors",
  "btc_count": 896.000000,
  "frame_id": 19.000000,
  "max_side_length": 240.127117,
  "mean_side_length": 68.311418,
  "min_side_length": 11.012690
}
