{
  "frame_id": 32,
  "stage": "3c_btc_descriptors",
  "btc_count": 693.000000,
  "frame_id": 32.000000,
  "max_side_length": 194.112856,
  "mean_side_length": 68.317831,
  "min_side_length": 10.218228
}
