{
  "frame_id": 21,
  "stage": "1_raw_pointcloud",
  "frame_id": 21.000000,
  "max_x": 79.535774,
  "max_y": 78.964714,
  "max_z": 2.955542,
  "min_x": -80.385139,
  "min_y": -72.722069,
  "min_z": -8.780468,
  "points_count": 124656.000000
}
