{
  "frame_id": 37,
  "stage": "1_raw_pointcloud",
  "frame_id": 37.000000,
  "max_x": 79.931511,
  "max_y": 60.768997,
  "max_z": 3.029789,
  "min_x": -80.287018,
  "min_y": -16.715797,
  "min_z": -9.898110,
  "points_count": 122379.000000
}
