{
  "frame_id": 0,
  "stage": "1_raw_pointcloud",
  "frame_id": 0.000000,
  "max_x": 77.967331,
  "max_y": 44.878613,
  "max_z": 2.825341,
  "min_x": -78.087395,
  "min_y": -55.723412,
  "min_z": -11.556541,
  "points_count": 124668.000000
}
