{
  "frame_id": 43,
  "stage": "3c_btc_descriptors",
  "btc_count": 742.000000,
  "frame_id": 43.000000,
  "max_side_length": 153.761213,
  "mean_side_length": 60.858321,
  "min_side_length": 10.762481
}
