{
  "frame_id": 26,
  "stage": "1_raw_pointcloud",
  "frame_id": 26.000000,
  "max_x": 79.727547,
  "max_y": 47.711746,
  "max_z": 3.063756,
  "min_x": -78.267052,
  "min_y": -63.231865,
  "min_z": -6.991098,
  "points_count": 124550.000000
}
