{
  "frame_id": 22,
  "stage": "1_raw_pointcloud",
  "frame_id": 22.000000,
  "max_x": 79.405151,
  "max_y": 77.438766,
  "max_z": 2.875597,
  "min_x": -80.353317,
  "min_y": -67.026573,
  "min_z": -8.428098,
  "points_count": 124644.000000
}
