{
  "frame_id": 27,
  "stage": "1_raw_pointcloud",
  "frame_id": 27.000000,
  "max_x": 79.616478,
  "max_y": 49.480686,
  "max_z": 3.042838,
  "min_x": -78.763557,
  "min_y": -64.029999,
  "min_z": -6.810250,
  "points_count": 124242.000000
}
