{
  "frame_id": 48,
  "stage": "3c_btc_descriptors",
  "btc_count": 744.000000,
  "frame_id": 48.000000,
  "max_side_length": 143.556598,
  "mean_side_length": 57.383242,
  "min_side_length": 10.531710
}
