{
  "frame_id": 30,
  "stage": "1_raw_pointcloud",
  "frame_id": 30.000000,
  "max_x": 79.740829,
  "max_y": 49.321068,
  "max_z": 2.914196,
  "min_x": -79.625130,
  "min_y": -18.689247,
  "min_z": -12.473736,
  "points_count": 124134.000000
}
