{
  "frame_id": 15,
  "stage": "3c_btc_descriptors",
  "btc_count": 850.000000,
  "frame_id": 15.000000,
  "max_side_length": 193.583986,
  "mean_side_length": 76.488141,
  "min_side_length": 10.436833
}
