{
  "frame_id": 10,
  "stage": "3c_btc_descriptors",
  "btc_count": 763.000000,
  "frame_id": 10.000000,
  "max_side_length": 236.992416,
  "mean_side_length": 74.213832,
  "min_side_length": 11.922778
}
