{
  "frame_id": 36,
  "stage": "1_raw_pointcloud",
  "frame_id": 36.000000,
  "max_x": 78.769058,
  "max_y": 60.588669,
  "max_z": 2.862922,
  "min_x": -80.373863,
  "min_y": -14.197219,
  "min_z": -10.278162,
  "points_count": 122749.000000
}
