{
  "frame_id": 14,
  "stage": "3c_btc_descriptors",
  "btc_count": 838.000000,
  "frame_id": 14.000000,
  "max_side_length": 194.238477,
  "mean_side_length": 69.354047,
  "min_side_length": 10.980279
}
