{
  "frame_id": 14,
  "stage": "1_raw_pointcloud",
  "frame_id": 14.000000,
  "max_x": 71.263336,
  "max_y": 46.446129,
  "max_z": 2.870848,
  "min_x": -78.537613,
  "min_y": -57.052845,
  "min_z": -7.613074,
  "points_count": 120406.000000
}
