{
  "frame_id": 43,
  "stage": "1_raw_pointcloud",
  "frame_id": 43.000000,
  "max_x": 78.983910,
  "max_y": 39.626663,
  "max_z": 3.009562,
  "min_x": -80.337761,
  "min_y": -16.428196,
  "min_z": -7.130302,
  "points_count": 118399.000000
}
