{
  "frame_id": 29,
  "stage": "1_raw_pointcloud",
  "frame_id": 29.000000,
  "max_x": 79.296967,
  "max_y": 49.883656,
  "max_z": 2.958395,
  "min_x": -80.197281,
  "min_y": -54.324406,
  "min_z": -12.829414,
  "points_count": 124018.000000
}
