{
  "frame_id": 25,
  "stage": "3c_btc_descriptors",
  "btc_count": 693.000000,
  "frame_id": 25.000000,
  "max_side_length": 181.015498,
  "mean_side_length": 69.861640,
  "min_side_length": 11.747780
}
