{
  "frame_id": 36,
  "stage": "3c_btc_descriptors",
  "btc_count": 689.000000,
  "frame_id": 36.000000,
  "max_side_length": 182.499678,
  "mean_side_length": 60.252418,
  "min_side_length": 10.999393
}
