{
  "frame_id": 16,
  "stage": "3c_btc_descriptors",
  "btc_count": 768.000000,
  "frame_id": 16.000000,
  "max_side_length": 246.529751,
  "mean_side_length": 77.173906,
  "min_side_length": 11.037606
}
