{
  "frame_id": 16,
  "stage": "1_raw_pointcloud",
  "frame_id": 16.000000,
  "max_x": 78.475647,
  "max_y": 43.883625,
  "max_z": 2.874244,
  "min_x": -80.012436,
  "min_y": -60.218571,
  "min_z": -6.953484,
  "points_count": 121842.000000
}
