{
  "frame_id": 7,
  "stage": "3c_btc_descriptors",
  "btc_count": 784.000000,
  "frame_id": 7.000000,
  "max_side_length": 198.418380,
  "mean_side_length": 76.711921,
  "min_side_length": 14.260721
}
