{
  "frame_id": 1,
  "stage": "3c_btc_descriptors",
  "btc_count": 919.000000,
  "frame_id": 1.000000,
  "max_side_length": 247.548170,
  "mean_side_length": 71.873046,
  "min_side_length": 10.573218
}
