{
  "frame_id": 9,
  "stage": "3c_btc_descriptors",
  "btc_count": 706.000000,
  "frame_id": 9.000000,
  "max_side_length": 225.237656,
  "mean_side_length": 80.688726,
  "min_side_length": 12.386351
}
