{
  "frame_id": 33,
  "stage": "3c_btc_descriptors",
  "btc_count": 637.000000,
  "frame_id": 33.000000,
  "max_side_length": 198.398973,
  "mean_side_length": 70.406125,
  "min_side_length": 10.037627
}
