{
  "frame_id": 15,
  "stage": "1_raw_pointcloud",
  "frame_id": 15.000000,
  "max_x": 70.378899,
  "max_y": 46.021297,
  "max_z": 2.879504,
  "min_x": -79.526154,
  "min_y": -57.821468,
  "min_z": -7.295559,
  "points_count": 121023.000000
}
