{
  "frame_id": 17,
  "stage": "1_raw_pointcloud",
  "frame_id": 17.000000,
  "max_x": 78.933075,
  "max_y": 44.889217,
  "max_z": 2.842014,
  "min_x": -80.392784,
  "min_y": -63.728050,
  "min_z": -4.208249,
  "points_count": 123107.000000
}
