{
  "frame_id": 11,
  "stage": "3c_btc_descriptors",
  "btc_count": 688.000000,
  "frame_id": 11.000000,
  "max_side_length": 246.684120,
  "mean_side_length": 76.345612,
  "min_side_length": 10.009224
}
