{
  "frame_id": 29,
  "stage": "3c_btc_descriptors",
  "btc_count": 806.000000,
  "frame_id": 29.000000,
  "max_side_length": 163.251904,
  "mean_side_length": 66.658617,
  "min_side_length": 12.152232
}
