{
  "frame_id": 21,
  "stage": "3c_btc_descriptors",
  "btc_count": 755.000000,
  "frame_id": 21.000000,
  "max_side_length": 241.325909,
  "mean_side_length": 82.354411,
  "min_side_length": 10.801113
}
