{
  "frame_id": 47,
  "stage": "1_raw_pointcloud",
  "frame_id": 47.000000,
  "max_x": 79.647537,
  "max_y": 60.982586,
  "max_z": 2.878724,
  "min_x": -77.806206,
  "min_y": -14.302726,
  "min_z": -12.371046,
  "points_count": 113810.000000
}
