{
  "frame_id": 5,
  "stage": "1_raw_pointcloud",
  "frame_id": 5.000000,
  "max_x": 78.125435,
  "max_y": 44.004108,
  "max_z": 2.881527,
  "min_x": -77.548553,
  "min_y": -41.430107,
  "min_z": -10.202361,
  "points_count": 123924.000000
}
