{
  "frame_id": 42,
  "stage": "3c_btc_descriptors",
  "btc_count": 763.000000,
  "frame_id": 42.000000,
  "max_side_length": 157.961937,
  "mean_side_length": 56.677744,
  "min_side_length": 10.261183
}
