{
  "frame_id": 1,
  "stage": "1_raw_pointcloud",
  "frame_id": 1.000000,
  "max_x": 79.741470,
  "max_y": 51.219128,
  "max_z": 2.816828,
  "min_x": -79.160622,
  "min_y": -54.585087,
  "min_z": -11.295532,
  "points_count": 124605.000000
}
