{
  "frame_id": 6,
  "stage": "3c_btc_descriptors",
  "btc_count": 948.000000,
  "frame_id": 6.000000,
  "max_side_length": 185.934341,
  "mean_side_length": 71.932564,
  "min_side_length": 10.238427
}
