{
  "frame_id": 45,
  "stage": "1_raw_pointcloud",
  "frame_id": 45.000000,
  "max_x": 79.750145,
  "max_y": 47.265541,
  "max_z": 3.007731,
  "min_x": -80.199944,
  "min_y": -19.977549,
  "min_z": -10.858132,
  "points_count": 114496.000000
}
