{
  "frame_id": 20,
  "stage": "3c_btc_descriptors",
  "btc_count": 854.000000,
  "frame_id": 20.000000,
  "max_side_length": 240.944042,
  "mean_side_length": 72.863500,
  "min_side_length": 11.175835
}
