{
  "frame_id": 37,
  "stage": "3c_btc_descriptors",
  "btc_count": 819.000000,
  "frame_id": 37.000000,
  "max_side_length": 150.935827,
  "mean_side_length": 55.486702,
  "min_side_length": 11.736725
}
