{
  "frame_id": 24,
  "stage": "1_raw_pointcloud",
  "frame_id": 24.000000,
  "max_x": 79.054756,
  "max_y": 51.671780,
  "max_z": 2.888232,
  "min_x": -76.556770,
  "min_y": -66.445633,
  "min_z": -5.957302,
  "points_count": 124520.000000
}
