{
  "frame_id": 39,
  "stage": "1_raw_pointcloud",
  "frame_id": 39.000000,
  "max_x": 79.541389,
  "max_y": 61.757179,
  "max_z": 2.928016,
  "min_x": -80.314178,
  "min_y": -16.788069,
  "min_z": -10.259685,
  "points_count": 121497.000000
}
