{
  "frame_id": 40,
  "stage": "3c_btc_descriptors",
  "btc_count": 550.000000,
  "frame_id": 40.000000,
  "max_side_length": 169.487786,
  "mean_side_length": 68.444650,
  "min_side_length": 13.228900
}
