{
  "frame_id": 42,
  "stage": "1_raw_pointcloud",
  "frame_id": 42.000000,
  "max_x": 78.898148,
  "max_y": 39.958370,
  "max_z": 2.942554,
  "min_x": -80.512108,
  "min_y": -16.437386,
  "min_z": -11.364238,
  "points_count": 119454.000000
}
