{
  "frame_id": 38,
  "stage": "3c_btc_descriptors",
  "btc_count": 751.000000,
  "frame_id": 38.000000,
  "max_side_length": 142.323524,
  "mean_side_length": 58.067273,
  "min_side_length": 10.269235
}
