{
  "frame_id": 33,
  "stage": "1_raw_pointcloud",
  "frame_id": 33.000000,
  "max_x": 78.864456,
  "max_y": 73.649719,
  "max_z": 2.923646,
  "min_x": -80.280533,
  "min_y": -24.684000,
  "min_z": -11.383526,
  "points_count": 123826.000000
}
