{
  "frame_id": 31,
  "stage": "3c_btc_descriptors",
  "btc_count": 709.000000,
  "frame_id": 31.000000,
  "max_side_length": 199.857428,
  "mean_side_length": 71.940550,
  "min_side_length": 13.585233
}
