{
  "frame_id": 2,
  "stage": "3c_btc_descriptors",
  "btc_count": 928.000000,
  "frame_id": 2.000000,
  "max_side_length": 248.909417,
  "mean_side_length": 67.739898,
  "min_side_length": 10.352695
}
