{
  "frame_id": 17,
  "stage": "3c_btc_descriptors",
  "btc_count": 814.000000,
  "frame_id": 17.000000,
  "max_side_length": 228.633705,
  "mean_side_length": 81.585435,
  "min_side_length": 10.846866
}
