{
  "frame_id": 19,
  "stage": "1_raw_pointcloud",
  "frame_id": 19.000000,
  "max_x": 79.805733,
  "max_y": 45.661011,
  "max_z": 2.849224,
  "min_x": -80.018631,
  "min_y": -71.912422,
  "min_z": -9.454987,
  "points_count": 124301.000000
}
