{
  "frame_id": 9,
  "stage": "1_raw_pointcloud",
  "frame_id": 9.000000,
  "max_x": 76.600883,
  "max_y": 44.584972,
  "max_z": 2.888674,
  "min_x": -80.286484,
  "min_y": -39.141300,
  "min_z": -2.707019,
  "points_count": 121357.000000
}
