{
  "frame_id": 12,
  "stage": "1_raw_pointcloud",
  "frame_id": 12.000000,
  "max_x": 72.927284,
  "max_y": 54.517742,
  "max_z": 2.870871,
  "min_x": -78.578751,
  "min_y": -34.433090,
  "min_z": -2.779876,
  "points_count": 120503.000000
}
