{
  "frame_id": 24,
  "stage": "3c_btc_descriptors",
  "btc_count": 873.000000,
  "frame_id": 24.000000,
  "max_side_length": 186.196638,
  "mean_side_length": 63.188292,
  "min_side_length": 10.659956
}
