{
  "frame_id": 40,
  "stage": "1_raw_pointcloud",
  "frame_id": 40.000000,
  "max_x": 79.223557,
  "max_y": 59.417702,
  "max_z": 3.019335,
  "min_x": -80.400764,
  "min_y": -19.917171,
  "min_z": -10.660877,
  "points_count": 121148.000000
}
