{
  "frame_id": 41,
  "stage": "3c_btc_descriptors",
  "btc_count": 679.000000,
  "frame_id": 41.000000,
  "max_side_length": 170.655443,
  "mean_side_length": 59.036664,
  "min_side_length": 10.068206
}
