{
  "frame_id": 32,
  "stage": "1_raw_pointcloud",
  "frame_id": 32.000000,
  "max_x": 78.974548,
  "max_y": 73.047920,
  "max_z": 2.884220,
  "min_x": -79.840462,
  "min_y": -17.204302,
  "min_z": -11.740417,
  "points_count": 123932.000000
}
