{
  "frame_id": 34,
  "stage": "1_raw_pointcloud",
  "frame_id": 34.000000,
  "max_x": 78.675407,
  "max_y": 46.775826,
  "max_z": 3.108870,
  "min_x": -80.354256,
  "min_y": -17.033913,
  "min_z": -11.015311,
  "points_count": 123502.000000
}
