{
  "frame_id": 3,
  "stage": "3c_btc_descriptors",
  "btc_count": 767.000000,
  "frame_id": 3.000000,
  "max_side_length": 224.288627,
  "mean_side_length": 78.169246,
  "min_side_length": 12.865387
}
