{
  "frame_id": 8,
  "stage": "3c_btc_descriptors",
  "btc_count": 806.000000,
  "frame_id": 8.000000,
  "max_side_length": 205.791775,
  "mean_side_length": 73.223498,
  "min_side_length": 11.944401
}
