{
  "frame_id": 18,
  "stage": "3c_btc_descriptors",
  "btc_count": 811.000000,
  "frame_id": 18.000000,
  "max_side_length": 240.494492,
  "mean_side_length": 80.134680,
  "min_side_length": 12.240588
}
